Country,Industry,Carbon_emission
AUT,A01,1461.041
AUT,A02,82.66
AUT,A03,0.07200000000000001
AUT,B,808.323
AUT,C10-C12,966.0600000000001
AUT,C13-C15,50.042
AUT,C16,271.742
AUT,C17,1741.212
AUT,C18,12.125
AUT,C19,2713.4990000000003
AUT,C20,2239.328
AUT,C21,4.2010000000000005
AUT,C22,24.136
AUT,C23,4906.951
AUT,C24,12515.39
AUT,C25,130.088
AUT,C26,39.149
AUT,C27,72.766
AUT,C28,153.195
AUT,C29,32.584
AUT,C30,5.678
AUT,C31_C32,38.434
AUT,C33,24.476
AUT,D35,6581.551
AUT,E36,103.113
AUT,E37-E39,115.807
AUT,F,1730.1480000000001
AUT,G45,75.168
AUT,G46,258.885
AUT,G47,216.858
AUT,H49,1739.045
AUT,H50,79.97800000000001
AUT,H51,2677.694
AUT,H52,61.412
AUT,H53,17.529
AUT,I,215.108
AUT,J58,24.184
AUT,J59_J60,27.906
AUT,J61,7.547000000000001
AUT,J62_J63,17.397000000000002
AUT,K64,23.053
AUT,K65,10.873000000000001
AUT,K66,16.922
AUT,L68,1.919
AUT,M69_M70,40.1
AUT,M71,13.834
AUT,M72,4.327
AUT,M73,10.635
AUT,M74_M75,22.026
AUT,N,118.407
AUT,O84,162.69
AUT,P85,414.308
AUT,Q,151.144
AUT,R_S,275.99
AUT,T,0.0
AUT,U,0.0
AUT,FC_HH,13816.164
BEL,A01,1971.2060000000001
BEL,A02,79.485
BEL,A03,148.12800000000001
BEL,B,612.695
BEL,C10-C12,2415.039
BEL,C13-C15,226.619
BEL,C16,45.126
BEL,C17,374.226
BEL,C18,249.21
BEL,C19,6153.152
BEL,C20,9024.862000000001
BEL,C21,184.476
BEL,C22,69.496
BEL,C23,7824.909000000001
BEL,C24,5593.32
BEL,C25,179.561
BEL,C26,40.351
BEL,C27,52.012
BEL,C28,121.84
BEL,C29,73.054
BEL,C30,27.302
BEL,C31_C32,72.894
BEL,C33,118.965
BEL,D35,15714.691
BEL,E36,30.927
BEL,E37-E39,544.321
BEL,F,2275.605
BEL,G45,237.082
BEL,G46,989.487
BEL,G47,737.318
BEL,H49,3113.552
BEL,H50,492.469
BEL,H51,4633.124
BEL,H52,1093.545
BEL,H53,80.743
BEL,I,579.034
BEL,J58,83.92
BEL,J59_J60,51.35
BEL,J61,38.869
BEL,J62_J63,147.63400000000001
BEL,K64,92.58200000000001
BEL,K65,34.234
BEL,K66,179.925
BEL,L68,152.749
BEL,M69_M70,570.362
BEL,M71,211.642
BEL,M72,123.61500000000001
BEL,M73,38.735
BEL,M74_M75,33.135
BEL,N,913.84
BEL,O84,1032.744
BEL,P85,508.104
BEL,Q,915.189
BEL,R_S,543.197
BEL,T,32.582
BEL,U,0.0
BEL,FC_HH,25675.975000000002
BGR,A01,1023.008
BGR,A02,45.795
BGR,A03,2.319
BGR,B,245.876
BGR,C10-C12,403.523
BGR,C13-C15,70.254
BGR,C16,44.947
BGR,C17,147.328
BGR,C18,7.388
BGR,C19,213.44
BGR,C20,1704.65
BGR,C21,74.21900000000001
BGR,C22,40.446
BGR,C23,2558.57
BGR,C24,436.831
BGR,C25,72.396
BGR,C26,1.607
BGR,C27,21.293
BGR,C28,41.428000000000004
BGR,C29,21.562
BGR,C30,2.436
BGR,C31_C32,20.736
BGR,C33,7.024
BGR,D35,29896.501
BGR,E36,23.083000000000002
BGR,E37-E39,60.427
BGR,F,621.956
BGR,G45,32.343
BGR,G46,343.266
BGR,G47,88.31700000000001
BGR,H49,4192.104
BGR,H50,42.988
BGR,H51,28.182000000000002
BGR,H52,50.85
BGR,H53,31.052
BGR,I,56.587
BGR,J58,1.156
BGR,J59_J60,2.611
BGR,J61,12.66
BGR,J62_J63,11.899000000000001
BGR,K64,17.757
BGR,K65,0.771
BGR,K66,3.2960000000000003
BGR,L68,22.387
BGR,M69_M70,12.283
BGR,M71,10.962
BGR,M72,7.117
BGR,M73,4.505
BGR,M74_M75,10.046
BGR,N,52.421
BGR,O84,52.17
BGR,P85,150.17600000000002
BGR,Q,50.579
BGR,R_S,32.025
BGR,T,0.0
BGR,U,0.0
BGR,FC_HH,2012.9180000000001
CYP,A01,60.947
CYP,A02,1.014
CYP,A03,6.373
CYP,B,16.078
CYP,C10-C12,75.055
CYP,C13-C15,1.123
CYP,C16,4.491
CYP,C17,3.5380000000000003
CYP,C18,2.2760000000000002
CYP,C19,0.013000000000000001
CYP,C20,3.91
CYP,C21,3.649
CYP,C22,3.634
CYP,C23,1580.579
CYP,C24,14.879
CYP,C25,8.067
CYP,C26,0.0
CYP,C27,0.854
CYP,C28,1.209
CYP,C29,0.191
CYP,C30,0.022
CYP,C31_C32,2.843
CYP,C33,2.083
CYP,D35,2942.621
CYP,E36,0.323
CYP,E37-E39,13.504
CYP,F,78.384
CYP,G45,10.048
CYP,G46,58.179
CYP,G47,31.103
CYP,H49,120.77
CYP,H50,64.836
CYP,H51,117.415
CYP,H52,14.662
CYP,H53,3.283
CYP,I,45.467
CYP,J58,0.9480000000000001
CYP,J59_J60,0.789
CYP,J61,4.143
CYP,J62_J63,1.7870000000000001
CYP,K64,3.427
CYP,K65,2.035
CYP,K66,0.393
CYP,L68,1.566
CYP,M69_M70,7.165
CYP,M71,2.898
CYP,M72,0.115
CYP,M73,1.067
CYP,M74_M75,1.812
CYP,N,20.435
CYP,O84,60.062000000000005
CYP,P85,5.578
CYP,Q,6.449
CYP,R_S,19.04
CYP,T,0.0
CYP,U,0.0
CYP,FC_HH,1596.0240000000001
CZE,A01,1453.516
CZE,A02,35.925000000000004
CZE,A03,6.814
CZE,B,3944.221
CZE,C10-C12,1058.77
CZE,C13-C15,104.756
CZE,C16,112.052
CZE,C17,456.898
CZE,C18,15.039
CZE,C19,562.059
CZE,C20,4726.317
CZE,C21,42.417
CZE,C22,181.986
CZE,C23,2797.63
CZE,C24,7557.712
CZE,C25,225.847
CZE,C26,19.419
CZE,C27,108.32000000000001
CZE,C28,161.391
CZE,C29,225.94400000000002
CZE,C30,46.597
CZE,C31_C32,63.679
CZE,C33,69.429
CZE,D35,48417.766
CZE,E36,65.431
CZE,E37-E39,481.253
CZE,F,983.378
CZE,G45,98.75
CZE,G46,507.838
CZE,G47,182.799
CZE,H49,5034.7970000000005
CZE,H50,35.037
CZE,H51,18.459
CZE,H52,488.129
CZE,H53,74.184
CZE,I,123.406
CZE,J58,5.067
CZE,J59_J60,5.246
CZE,J61,19.964000000000002
CZE,J62_J63,40.324
CZE,K64,31.797
CZE,K65,5.027
CZE,K66,7.399
CZE,L68,209.497
CZE,M69_M70,52.648
CZE,M71,45.288000000000004
CZE,M72,12.874
CZE,M73,10.619
CZE,M74_M75,12.875
CZE,N,310.181
CZE,O84,184.096
CZE,P85,143.526
CZE,Q,234.804
CZE,R_S,104.045
CZE,T,0.0
CZE,U,0.0
CZE,FC_HH,13876.889000000001
DEU,A01,9338.335000000001
DEU,A02,244.166
DEU,A03,47.83
DEU,B,3736.5660000000003
DEU,C10-C12,9072.272
DEU,C13-C15,901.976
DEU,C16,984.737
DEU,C17,6775.802000000001
DEU,C18,842.2090000000001
DEU,C19,20409.993000000002
DEU,C20,27058.611
DEU,C21,1395.016
DEU,C22,2330.762
DEU,C23,36333.16
DEU,C24,43885.272000000004
DEU,C25,3716.578
DEU,C26,1030.119
DEU,C27,1234.604
DEU,C28,3304.62
DEU,C29,4674.608
DEU,C30,635.009
DEU,C31_C32,900.974
DEU,C33,446.325
DEU,D35,342397.924
DEU,E36,1473.463
DEU,E37-E39,6171.711
DEU,F,9645.915
DEU,G45,1860.176
DEU,G46,7313.3730000000005
DEU,G47,9206.618
DEU,H49,15309.859
DEU,H50,24766.579
DEU,H51,26997.376
DEU,H52,10265.26
DEU,H53,3644.577
DEU,I,3195.538
DEU,J58,579.571
DEU,J59_J60,388.87600000000003
DEU,J61,854.327
DEU,J62_J63,1597.3890000000001
DEU,K64,1040.578
DEU,K65,503.045
DEU,K66,223.803
DEU,L68,1050.549
DEU,M69_M70,2535.404
DEU,M71,1398.897
DEU,M72,1735.352
DEU,M73,465.61400000000003
DEU,M74_M75,513.1080000000001
DEU,N,1003.298
DEU,O84,6286.842000000001
DEU,P85,3534.948
DEU,Q,6479.275000000001
DEU,R_S,4403.932
DEU,T,0.0
DEU,U,0.0
DEU,FC_HH,179169.559
DNK,A01,1492.107
DNK,A02,60.348
DNK,A03,345.555
DNK,B,1675.23
DNK,C10-C12,1133.815
DNK,C13-C15,20.356
DNK,C16,25.036
DNK,C17,90.85300000000001
DNK,C18,13.215
DNK,C19,1010.739
DNK,C20,333.071
DNK,C21,58.012
DNK,C22,40.835
DNK,C23,2287.6
DNK,C24,104.956
DNK,C25,133.608
DNK,C26,14.870000000000001
DNK,C27,17.197
DNK,C28,130.27100000000002
DNK,C29,19.032
DNK,C30,4.814
DNK,C31_C32,29.281000000000002
DNK,C33,42.502
DNK,D35,12286.719000000001
DNK,E36,5.454
DNK,E37-E39,1328.8210000000001
DNK,F,1276.9270000000001
DNK,G45,234.673
DNK,G46,502.738
DNK,G47,149.478
DNK,H49,2855.022
DNK,H50,30861.579
DNK,H51,3134.889
DNK,H52,181.798
DNK,H53,83.73100000000001
DNK,I,101.629
DNK,J58,8.286
DNK,J59_J60,17.96
DNK,J61,12.206
DNK,J62_J63,31.015
DNK,K64,38.04
DNK,K65,6.814
DNK,K66,3.668
DNK,L68,105.647
DNK,M69_M70,52.136
DNK,M71,44.483000000000004
DNK,M72,6.353
DNK,M73,12.724
DNK,M74_M75,18.292
DNK,N,210.12800000000001
DNK,O84,368.20300000000003
DNK,P85,138.059
DNK,Q,166.08
DNK,R_S,114.345
DNK,T,0.0
DNK,U,0.0
DNK,FC_HH,8056.479
ESP,A01,9674.788
ESP,A02,120.74300000000001
ESP,A03,4248.837
ESP,B,2586.663
ESP,C10-C12,1780.999
ESP,C13-C15,702.158
ESP,C16,1478.347
ESP,C17,3611.515
ESP,C18,285.65500000000003
ESP,C19,15760.969000000001
ESP,C20,9198.234
ESP,C21,301.683
ESP,C22,36.074
ESP,C23,25932.58
ESP,C24,10608.947
ESP,C25,268.444
ESP,C26,58.631
ESP,C27,545.642
ESP,C28,509.875
ESP,C29,884.376
ESP,C30,191.54
ESP,C31_C32,19.91
ESP,C33,24.751
ESP,D35,61748.679000000004
ESP,E36,43.516
ESP,E37-E39,1334.306
ESP,F,362.648
ESP,G45,525.4830000000001
ESP,G46,2019.95
ESP,G47,1393.0710000000001
ESP,H49,31144.113
ESP,H50,1049.133
ESP,H51,11876.322
ESP,H52,534.863
ESP,H53,52.893
ESP,I,693.708
ESP,J58,25.473
ESP,J59_J60,92.176
ESP,J61,167.995
ESP,J62_J63,269.199
ESP,K64,89.245
ESP,K65,34.749
ESP,K66,124.159
ESP,L68,47.215
ESP,M69_M70,103.774
ESP,M71,133.399
ESP,M72,72.85000000000001
ESP,M73,38.93
ESP,M74_M75,34.639
ESP,N,224.17600000000002
ESP,O84,2116.727
ESP,P85,482.879
ESP,Q,1050.75
ESP,R_S,778.818
ESP,T,0.0
ESP,U,0.0
ESP,FC_HH,62888.334
EST,A01,55.363
EST,A02,21.632
EST,A03,12.466000000000001
EST,B,92.711
EST,C10-C12,221.46
EST,C13-C15,33.721000000000004
EST,C16,54.713
EST,C17,60.621
EST,C18,9.863
EST,C19,1040.3410000000001
EST,C20,13.087
EST,C21,3.87
EST,C22,13.308
EST,C23,872.446
EST,C24,5.726
EST,C25,35.772
EST,C26,10.205
EST,C27,10.013
EST,C28,15.893
EST,C29,15.34
EST,C30,1.395
EST,C31_C32,25.857
EST,C33,7.648000000000001
EST,D35,13370.382
EST,E36,4.065
EST,E37-E39,25.544
EST,F,146.584
EST,G45,20.586000000000002
EST,G46,71.887
EST,G47,55.587
EST,H49,902.9010000000001
EST,H50,732.402
EST,H51,2.248
EST,H52,117.027
EST,H53,3.448
EST,I,61.632
EST,J58,1.048
EST,J59_J60,1.483
EST,J61,2.487
EST,J62_J63,8.577
EST,K64,3.567
EST,K65,1.6480000000000001
EST,K66,0.841
EST,L68,63.633
EST,M69_M70,14.997
EST,M71,10.571
EST,M72,5.389
EST,M73,2.8890000000000002
EST,M74_M75,3.057
EST,N,32.848
EST,O84,192.306
EST,P85,43.018
EST,Q,26.883
EST,R_S,45.833
EST,T,0.0
EST,U,0.0
EST,FC_HH,957.1170000000001
FIN,A01,1382.846
FIN,A02,314.676
FIN,A03,133.278
FIN,B,428.766
FIN,C10-C12,242.827
FIN,C13-C15,14.285
FIN,C16,99.31400000000001
FIN,C17,2976.917
FIN,C18,8.783
FIN,C19,3105.981
FIN,C20,1044.096
FIN,C21,5.362
FIN,C22,25.186
FIN,C23,1328.445
FIN,C24,3597.428
FIN,C25,13.866
FIN,C26,0.546
FIN,C27,0.0
FIN,C28,17.548000000000002
FIN,C29,10.512
FIN,C30,5.577
FIN,C31_C32,2.672
FIN,C33,0.147
FIN,D35,17914.411
FIN,E36,24.508
FIN,E37-E39,356.133
FIN,F,1222.464
FIN,G45,74.337
FIN,G46,6.452
FIN,G47,54.864000000000004
FIN,H49,3301.299
FIN,H50,2471.513
FIN,H51,3009.281
FIN,H52,72.83
FIN,H53,30.795
FIN,I,7.407
FIN,J58,3.427
FIN,J59_J60,2.084
FIN,J61,21.638
FIN,J62_J63,1.57
FIN,K64,148.779
FIN,K65,12.55
FIN,K66,28.48
FIN,L68,76.382
FIN,M69_M70,12.280000000000001
FIN,M71,1.799
FIN,M72,7.321
FIN,M73,1.618
FIN,M74_M75,2.581
FIN,N,502.033
FIN,O84,443.499
FIN,P85,60.269
FIN,Q,149.611
FIN,R_S,195.084
FIN,T,0.0
FIN,U,0.0
FIN,FC_HH,6330.992
FRA,A01,13097.358
FRA,A02,543.561
FRA,A03,1315.143
FRA,B,970.267
FRA,C10-C12,8405.76
FRA,C13-C15,749.703
FRA,C16,439.196
FRA,C17,2698.319
FRA,C18,256.004
FRA,C19,14543.772
FRA,C20,20139.187
FRA,C21,509.813
FRA,C22,1432.819
FRA,C23,19277.57
FRA,C24,19739.198
FRA,C25,967.96
FRA,C26,224.243
FRA,C27,331.068
FRA,C28,554.273
FRA,C29,715.056
FRA,C30,262.754
FRA,C31_C32,277.637
FRA,C33,413.862
FRA,D35,23190.912
FRA,E36,95.396
FRA,E37-E39,9486.704
FRA,F,7748.084
FRA,G45,2876.901
FRA,G46,3142.317
FRA,G47,3291.233
FRA,H49,20081.719
FRA,H50,3838.864
FRA,H51,18753.052
FRA,H52,535.011
FRA,H53,573.647
FRA,I,2594.025
FRA,J58,135.956
FRA,J59_J60,250.70000000000002
FRA,J61,295.666
FRA,J62_J63,323.886
FRA,K64,563.701
FRA,K65,110.173
FRA,K66,126.084
FRA,L68,446.764
FRA,M69_M70,622.384
FRA,M71,666.596
FRA,M72,351.22700000000003
FRA,M73,199.571
FRA,M74_M75,116.55
FRA,N,6485.905
FRA,O84,2348.581
FRA,P85,3973.414
FRA,Q,6209.165
FRA,R_S,3176.569
FRA,T,0.0
FRA,U,0.0
FRA,FC_HH,115111.523
GBR,A01,6439.6050000000005
GBR,A02,51.425000000000004
GBR,A03,892.089
GBR,B,18285.06
GBR,C10-C12,6954.6
GBR,C13-C15,1546.354
GBR,C16,690.892
GBR,C17,3048.222
GBR,C18,539.9350000000001
GBR,C19,15031.726
GBR,C20,10637.536
GBR,C21,620.179
GBR,C22,3444.215
GBR,C23,12441.516
GBR,C24,20588.817
GBR,C25,2438.274
GBR,C26,427.065
GBR,C27,573.19
GBR,C28,1214.272
GBR,C29,1587.4180000000001
GBR,C30,833.237
GBR,C31_C32,1225.772
GBR,C33,266.224
GBR,D35,126362.124
GBR,E36,744.081
GBR,E37-E39,1721.0240000000001
GBR,F,10831.128
GBR,G45,1881.934
GBR,G46,5702.836
GBR,G47,3873.328
GBR,H49,21036.606
GBR,H50,15788.263
GBR,H51,40208.618
GBR,H52,1206.778
GBR,H53,1689.15
GBR,I,2617.53
GBR,J58,182.118
GBR,J59_J60,170.78900000000002
GBR,J61,374.709
GBR,J62_J63,458.466
GBR,K64,7.604
GBR,K65,0.754
GBR,K66,2.964
GBR,L68,599.513
GBR,M69_M70,675.277
GBR,M71,430.911
GBR,M72,215.016
GBR,M73,114.10000000000001
GBR,M74_M75,285.226
GBR,N,2599.828
GBR,O84,4898.332
GBR,P85,2575.9700000000003
GBR,Q,4327.974
GBR,R_S,2307.625
GBR,T,89.57900000000001
GBR,U,0.0
GBR,FC_HH,124574.20700000001
GRC,A01,492.511
GRC,A02,1.1
GRC,A03,4.2
GRC,B,387.55
GRC,C10-C12,645.79
GRC,C13-C15,1.9000000000000001
GRC,C16,0.52
GRC,C17,132.22
GRC,C18,0.5
GRC,C19,5338.5
GRC,C20,926.32
GRC,C21,0.625
GRC,C22,868.97
GRC,C23,4359.379
GRC,C24,1124.756
GRC,C25,7.8
GRC,C26,0.194
GRC,C27,0.32
GRC,C28,0.3
GRC,C29,0.158
GRC,C30,0.3
GRC,C31_C32,1.5
GRC,C33,1.01
GRC,D35,40446.13
GRC,E36,1.02
GRC,E37-E39,1.3
GRC,F,210.781
GRC,G45,3.4
GRC,G46,9.5
GRC,G47,8.9
GRC,H49,3847.902
GRC,H50,1456.856
GRC,H51,361.464
GRC,H52,0.1
GRC,H53,0.0
GRC,I,340.571
GRC,J58,2.3000000000000003
GRC,J59_J60,3.1
GRC,J61,14.89
GRC,J62_J63,8.120000000000001
GRC,K64,21.457
GRC,K65,20.472
GRC,K66,10.457
GRC,L68,5.2
GRC,M69_M70,94.214
GRC,M71,56.127
GRC,M72,3.1
GRC,M73,13.754
GRC,M74_M75,12.457
GRC,N,56.741
GRC,O84,1708.176
GRC,P85,604.327
GRC,Q,498.088
GRC,R_S,126.958
GRC,T,26.232
GRC,U,0.0
GRC,FC_HH,14385.301
HUN,A01,2036.9660000000001
HUN,A02,97.139
HUN,A03,5.925
HUN,B,431.89300000000003
HUN,C10-C12,818.586
HUN,C13-C15,63.247
HUN,C16,37.156
HUN,C17,130.524
HUN,C18,95.792
HUN,C19,1794.323
HUN,C20,2564.658
HUN,C21,218.22400000000002
HUN,C22,165.984
HUN,C23,1741.785
HUN,C24,1143.9180000000001
HUN,C25,208.067
HUN,C26,158.472
HUN,C27,96.907
HUN,C28,230.506
HUN,C29,226.225
HUN,C30,8.239
HUN,C31_C32,74.196
HUN,C33,28.41
HUN,D35,11733.017
HUN,E36,50.968
HUN,E37-E39,209.90200000000002
HUN,F,906.068
HUN,G45,451.396
HUN,G46,749.194
HUN,G47,485.98
HUN,H49,2372.102
HUN,H50,19.118000000000002
HUN,H51,168.887
HUN,H52,1745.04
HUN,H53,33.891
HUN,I,114.117
HUN,J58,38.451
HUN,J59_J60,50.643
HUN,J61,128.35
HUN,J62_J63,176.867
HUN,K64,173.608
HUN,K65,19.748
HUN,K66,33.428
HUN,L68,435.76
HUN,M69_M70,142.3
HUN,M71,73.82000000000001
HUN,M72,58.306000000000004
HUN,M73,25.018
HUN,M74_M75,43.347
HUN,N,529.602
HUN,O84,668.951
HUN,P85,240.903
HUN,Q,248.11100000000002
HUN,R_S,169.452
HUN,T,0.6990000000000001
HUN,U,0.0
HUN,FC_HH,12913.219000000001
IRL,A01,966.202
IRL,A02,0.34500000000000003
IRL,A03,128.906
IRL,B,264.497
IRL,C10-C12,989.3290000000001
IRL,C13-C15,9.196
IRL,C16,60.42
IRL,C17,7.377
IRL,C18,7.377
IRL,C19,279.185
IRL,C20,117.756
IRL,C21,236.399
IRL,C22,67.258
IRL,C23,2912.958
IRL,C24,1320.299
IRL,C25,153.749
IRL,C26,89.959
IRL,C27,15.327
IRL,C28,53.11
IRL,C29,5.659
IRL,C30,4.952
IRL,C31_C32,97.087
IRL,C33,12.851
IRL,D35,10553.673
IRL,E36,18.134
IRL,E37-E39,179.061
IRL,F,432.928
IRL,G45,89.607
IRL,G46,822.5020000000001
IRL,G47,510.154
IRL,H49,2520.919
IRL,H50,170.155
IRL,H51,7961.539
IRL,H52,130.702
IRL,H53,29.240000000000002
IRL,I,134.854
IRL,J58,41.329
IRL,J59_J60,11.657
IRL,J61,82.75
IRL,J62_J63,75.904
IRL,K64,69.44800000000001
IRL,K65,39.675000000000004
IRL,K66,3.301
IRL,L68,8.914
IRL,M69_M70,28.036
IRL,M71,11.936
IRL,M72,6.908
IRL,M73,6.323
IRL,M74_M75,3.454
IRL,N,60.02
IRL,O84,253.97400000000002
IRL,P85,173.781
IRL,Q,110.87
IRL,R_S,66.425
IRL,T,0.0
IRL,U,0.0
IRL,FC_HH,11670.657000000001
ITA,A01,7412.106
ITA,A02,48.095
ITA,A03,506.398
ITA,B,2924.652
ITA,C10-C12,4661.1140000000005
ITA,C13-C15,2719.21
ITA,C16,613.134
ITA,C17,4573.24
ITA,C18,434.575
ITA,C19,16789.567
ITA,C20,10000.344000000001
ITA,C21,507.288
ITA,C22,1045.3410000000001
ITA,C23,27874.896
ITA,C24,15839.059000000001
ITA,C25,924.413
ITA,C26,308.30400000000003
ITA,C27,625.678
ITA,C28,1386.246
ITA,C29,940.54
ITA,C30,234.431
ITA,C31_C32,1040.422
ITA,C33,361.164
ITA,D35,85941.98
ITA,E36,1564.874
ITA,E37-E39,6448.679
ITA,F,4789.253
ITA,G45,582.482
ITA,G46,2921.626
ITA,G47,1355.718
ITA,H49,22322.601
ITA,H50,12871.231
ITA,H51,6816.886
ITA,H52,3729.215
ITA,H53,195.359
ITA,I,1770.067
ITA,J58,17.67
ITA,J59_J60,19.396
ITA,J61,15.38
ITA,J62_J63,137.096
ITA,K64,278.73900000000003
ITA,K65,5.548
ITA,K66,55.118
ITA,L68,235.28300000000002
ITA,M69_M70,346.798
ITA,M71,89.018
ITA,M72,83.917
ITA,M73,33.138
ITA,M74_M75,27.421
ITA,N,1332.6870000000001
ITA,O84,1751.102
ITA,P85,29.123
ITA,Q,1020.441
ITA,R_S,788.352
ITA,T,0.0
ITA,U,0.0
ITA,FC_HH,97250.33
LTU,A01,255.995
LTU,A02,46.375
LTU,A03,12.848
LTU,B,9.853
LTU,C10-C12,252.76500000000001
LTU,C13-C15,23.177
LTU,C16,72.372
LTU,C17,14.665000000000001
LTU,C18,14.875
LTU,C19,1360.477
LTU,C20,2190.776
LTU,C21,3.15
LTU,C22,7.227
LTU,C23,997.291
LTU,C24,2.98
LTU,C25,7.814
LTU,C26,0.6960000000000001
LTU,C27,2.27
LTU,C28,3.244
LTU,C29,1.36
LTU,C30,1.595
LTU,C31_C32,26.088
LTU,C33,4.191
LTU,D35,1841.21
LTU,E36,8.069
LTU,E37-E39,17.716
LTU,F,66.965
LTU,G45,41.458
LTU,G46,28.846
LTU,G47,10.219
LTU,H49,7447.819
LTU,H50,20.545
LTU,H51,79.58200000000001
LTU,H52,8.924
LTU,H53,3.717
LTU,I,13.832
LTU,J58,1.452
LTU,J59_J60,1.095
LTU,J61,2.882
LTU,J62_J63,5.147
LTU,K64,4.776
LTU,K65,2.066
LTU,K66,1.109
LTU,L68,17.091
LTU,M69_M70,10.538
LTU,M71,15.749
LTU,M72,1.699
LTU,M73,3.887
LTU,M74_M75,2.833
LTU,N,20.38
LTU,O84,73.561
LTU,P85,50.938
LTU,Q,35.222
LTU,R_S,25.287
LTU,T,0.864
LTU,U,0.0
LTU,FC_HH,2654.93
LUX,A01,55.0
LUX,A02,2.4
LUX,A03,0.0
LUX,B,6.4
LUX,C10-C12,28.900000000000002
LUX,C13-C15,49.0
LUX,C16,27.0
LUX,C17,4.8
LUX,C18,2.6
LUX,C19,0.0
LUX,C20,20.400000000000002
LUX,C21,0.01
LUX,C22,36.2
LUX,C23,830.8000000000001
LUX,C24,452.90000000000003
LUX,C25,15.3
LUX,C26,0.323
LUX,C27,3.9
LUX,C28,5.9
LUX,C29,1.2
LUX,C30,0.001
LUX,C31_C32,2.2
LUX,C33,3.7
LUX,D35,722.0
LUX,E36,0.6
LUX,E37-E39,19.0
LUX,F,140.70000000000002
LUX,G45,18.5
LUX,G46,139.8
LUX,G47,27.2
LUX,H49,162.3
LUX,H50,0.6
LUX,H51,3519.1
LUX,H52,46.0
LUX,H53,4.0
LUX,I,22.6
LUX,J58,2.4
LUX,J59_J60,1.3
LUX,J61,19.400000000000002
LUX,J62_J63,13.1
LUX,K64,108.7
LUX,K65,0.0
LUX,K66,4.1
LUX,L68,25.8
LUX,M69_M70,17.1
LUX,M71,8.6
LUX,M72,4.5
LUX,M73,2.4
LUX,M74_M75,1.2
LUX,N,56.800000000000004
LUX,O84,27.1
LUX,P85,30.0
LUX,Q,40.0
LUX,R_S,28.476
LUX,T,0.0
LUX,U,0.0
LUX,FC_HH,1508.0
LVA,A01,354.208
LVA,A02,104.31700000000001
LVA,A03,34.127
LVA,B,44.055
LVA,C10-C12,157.317
LVA,C13-C15,14.865
LVA,C16,102.59100000000001
LVA,C17,5.369
LVA,C18,2.62
LVA,C19,0.134
LVA,C20,19.537
LVA,C21,12.298
LVA,C22,11.727
LVA,C23,904.72
LVA,C24,5.484
LVA,C25,16.417
LVA,C26,0.876
LVA,C27,4.964
LVA,C28,6.038
LVA,C29,2.6270000000000002
LVA,C30,4.215
LVA,C31_C32,9.723
LVA,C33,74.206
LVA,D35,1681.588
LVA,E36,4.406
LVA,E37-E39,25.333000000000002
LVA,F,211.135
LVA,G45,23.729
LVA,G46,125.186
LVA,G47,35.878
LVA,H49,1832.3700000000001
LVA,H50,28.026
LVA,H51,433.661
LVA,H52,97.79
LVA,H53,6.651
LVA,I,19.005
LVA,J58,0.9460000000000001
LVA,J59_J60,0.776
LVA,J61,4.526
LVA,J62_J63,2.572
LVA,K64,3.673
LVA,K65,1.623
LVA,K66,0.46900000000000003
LVA,L68,101.763
LVA,M69_M70,7.0200000000000005
LVA,M71,8.563
LVA,M72,0.968
LVA,M73,6.7860000000000005
LVA,M74_M75,2.5260000000000002
LVA,N,47.024
LVA,O84,83.479
LVA,P85,16.724
LVA,Q,44.464
LVA,R_S,15.631
LVA,T,0.0
LVA,U,0.002
LVA,FC_HH,1929.076
MLT,A01,9.212
MLT,A02,0.0
MLT,A03,0.708
MLT,B,2.854
MLT,C10-C12,3.028
MLT,C13-C15,0.881
MLT,C16,0.625
MLT,C17,0.223
MLT,C18,0.41600000000000004
MLT,C19,0.508
MLT,C20,0.546
MLT,C21,0.665
MLT,C22,1.55
MLT,C23,1.131
MLT,C24,0.381
MLT,C25,1.494
MLT,C26,1.022
MLT,C27,0.74
MLT,C28,1.3900000000000001
MLT,C29,1.571
MLT,C30,0.651
MLT,C31_C32,8.999
MLT,C33,0.529
MLT,D35,1071.271
MLT,E36,0.553
MLT,E37-E39,2.449
MLT,F,12.148
MLT,G45,5.779
MLT,G46,15.381
MLT,G47,6.065
MLT,H49,83.134
MLT,H50,1957.6570000000002
MLT,H51,158.44400000000002
MLT,H52,3.9370000000000003
MLT,H53,0.659
MLT,I,2.836
MLT,J58,0.47200000000000003
MLT,J59_J60,0.768
MLT,J61,1.164
MLT,J62_J63,1.18
MLT,K64,1.283
MLT,K65,0.595
MLT,K66,0.5730000000000001
MLT,L68,1.764
MLT,M69_M70,2.0340000000000003
MLT,M71,1.1460000000000001
MLT,M72,0.685
MLT,M73,0.602
MLT,M74_M75,0.768
MLT,N,12.96
MLT,O84,7.307
MLT,P85,1.619
MLT,Q,3.206
MLT,R_S,3.1310000000000002
MLT,T,0.003
MLT,U,0.0
MLT,FC_HH,233.58100000000002
POL,A01,13659.593
POL,A02,361.04
POL,A03,379.418
POL,B,1519.505
POL,C10-C12,4757.719
POL,C13-C15,199.834
POL,C16,420.741
POL,C17,2338.213
POL,C18,41.969
POL,C19,10588.17
POL,C20,13287.967
POL,C21,98.651
POL,C22,713.5070000000001
POL,C23,15948.492
POL,C24,10965.356
POL,C25,480.244
POL,C26,37.346000000000004
POL,C27,222.691
POL,C28,189.858
POL,C29,292.087
POL,C30,150.354
POL,C31_C32,175.161
POL,C33,19.284
POL,D35,149684.905
POL,E36,369.07
POL,E37-E39,464.59700000000004
POL,F,510.928
POL,G45,826.45
POL,G46,3981.926
POL,G47,2519.487
POL,H49,20053.937
POL,H50,109.01
POL,H51,502.975
POL,H52,1083.364
POL,H53,203.93800000000002
POL,I,553.804
POL,J58,60.463
POL,J59_J60,64.46900000000001
POL,J61,147.785
POL,J62_J63,205.257
POL,K64,1078.4470000000001
POL,K65,2320.267
POL,K66,138.65800000000002
POL,L68,687.7620000000001
POL,M69_M70,354.76
POL,M71,224.171
POL,M72,77.611
POL,M73,187.888
POL,M74_M75,91.514
POL,N,1199.487
POL,O84,2091.477
POL,P85,1397.334
POL,Q,1224.807
POL,R_S,806.278
POL,T,0.0
POL,U,0.0
POL,FC_HH,45530.386
PRT,A01,1570.5
PRT,A02,113.5
PRT,A03,350.6
PRT,B,237.4
PRT,C10-C12,1061.9
PRT,C13-C15,728.0
PRT,C16,154.6
PRT,C17,1117.3
PRT,C18,27.8
PRT,C19,3102.7000000000003
PRT,C20,1231.3
PRT,C21,15.0
PRT,C22,88.8
PRT,C23,6748.0
PRT,C24,211.6
PRT,C25,203.9
PRT,C26,5.4
PRT,C27,9.6
PRT,C28,218.6
PRT,C29,23.2
PRT,C30,2.3000000000000003
PRT,C31_C32,50.800000000000004
PRT,C33,26.6
PRT,D35,12039.4
PRT,E36,25.400000000000002
PRT,E37-E39,700.8000000000001
PRT,F,954.2
PRT,G45,101.0
PRT,G46,1113.7
PRT,G47,469.5
PRT,H49,4387.3
PRT,H50,549.4
PRT,H51,1082.0
PRT,H52,83.2
PRT,H53,25.2
PRT,I,669.9
PRT,J58,7.6000000000000005
PRT,J59_J60,9.5
PRT,J61,18.900000000000002
PRT,J62_J63,18.5
PRT,K64,58.9
PRT,K65,13.700000000000001
PRT,K66,16.9
PRT,L68,13.5
PRT,M69_M70,48.2
PRT,M71,31.8
PRT,M72,5.4
PRT,M73,8.4
PRT,M74_M75,13.700000000000001
PRT,N,236.20000000000002
PRT,O84,441.40000000000003
PRT,P85,95.5
PRT,Q,496.2
PRT,R_S,166.70000000000002
PRT,T,0.0
PRT,U,0.0
PRT,FC_HH,8162.6
ROU,A01,1177.3310000000001
ROU,A02,35.424
ROU,A03,33.269
ROU,B,1041.586
ROU,C10-C12,1128.357
ROU,C13-C15,116.756
ROU,C16,114.49900000000001
ROU,C17,176.857
ROU,C18,136.47
ROU,C19,3055.233
ROU,C20,4487.418
ROU,C21,244.602
ROU,C22,258.796
ROU,C23,7364.56
ROU,C24,4419.069
ROU,C25,831.361
ROU,C26,230.766
ROU,C27,183.47
ROU,C28,95.393
ROU,C29,29.926000000000002
ROU,C30,54.842
ROU,C31_C32,34.334
ROU,C33,26.525000000000002
ROU,D35,27871.683
ROU,E36,1.792
ROU,E37-E39,621.904
ROU,F,1484.1970000000001
ROU,G45,426.664
ROU,G46,698.194
ROU,G47,387.988
ROU,H49,5613.289
ROU,H50,89.31400000000001
ROU,H51,60.245000000000005
ROU,H52,106.224
ROU,H53,53.81
ROU,I,153.073
ROU,J58,36.317
ROU,J59_J60,138.68800000000002
ROU,J61,53.81
ROU,J62_J63,36.317
ROU,K64,129.62800000000001
ROU,K65,36.427
ROU,K66,32.1
ROU,L68,426.918
ROU,M69_M70,146.206
ROU,M71,66.65
ROU,M72,31.537
ROU,M73,66.65
ROU,M74_M75,169.395
ROU,N,342.003
ROU,O84,378.558
ROU,P85,214.032
ROU,Q,284.56600000000003
ROU,R_S,364.551
ROU,T,0.0
ROU,U,0.0
ROU,FC_HH,14416.761
SVK,A01,234.906
SVK,A02,27.952
SVK,A03,1.605
SVK,B,54.123000000000005
SVK,C10-C12,270.139
SVK,C13-C15,58.268
SVK,C16,79.694
SVK,C17,131.186
SVK,C18,14.22
SVK,C19,1327.921
SVK,C20,1010.681
SVK,C21,39.909
SVK,C22,625.912
SVK,C23,1726.903
SVK,C24,7904.772
SVK,C25,1969.438
SVK,C26,35.139
SVK,C27,58.649
SVK,C28,126.47800000000001
SVK,C29,246.881
SVK,C30,29.443
SVK,C31_C32,68.81700000000001
SVK,C33,31.288
SVK,D35,5195.634
SVK,E36,21.644000000000002
SVK,E37-E39,72.103
SVK,F,1927.409
SVK,G45,30.073
SVK,G46,96.38
SVK,G47,80.422
SVK,H49,2793.223
SVK,H50,4.558
SVK,H51,3.8080000000000003
SVK,H52,146.64000000000001
SVK,H53,288.713
SVK,I,111.11200000000001
SVK,J58,2.539
SVK,J59_J60,2.003
SVK,J61,17.475
SVK,J62_J63,19.6
SVK,K64,33.525
SVK,K65,4.744
SVK,K66,5.299
SVK,L68,220.45000000000002
SVK,M69_M70,340.189
SVK,M71,12.36
SVK,M72,2.279
SVK,M73,6.739
SVK,M74_M75,5.3100000000000005
SVK,N,127.923
SVK,O84,273.383
SVK,P85,101.549
SVK,Q,144.90800000000002
SVK,R_S,213.749
SVK,T,0.0
SVK,U,0.0
SVK,FC_HH,5184.603
SVN,A01,218.118
SVN,A02,22.706
SVN,A03,0.6872286190648557
SVN,B,80.056
SVN,C10-C12,106.994
SVN,C13-C15,25.984
SVN,C16,7.898000000000001
SVN,C17,318.966
SVN,C18,6.6930000000000005
SVN,C19,0.0
SVN,C20,126.09
SVN,C21,59.136
SVN,C22,55.816
SVN,C23,939.034
SVN,C24,484.82
SVN,C25,61.812000000000005
SVN,C26,35.896
SVN,C27,35.896
SVN,C28,24.711000000000002
SVN,C29,28.938
SVN,C30,0.15
SVN,C31_C32,5.0040000000000004
SVN,C33,2.1750000000000003
SVN,D35,4471.312
SVN,E36,7.358520216164883
SVN,E37-E39,12.887479783835115
SVN,F,61.289
SVN,G45,0.0
SVN,G46,0.0
SVN,G47,0.0
SVN,H49,3127.086059799549
SVN,H50,789.2347115813866
SVN,H51,5.574
SVN,H52,29.579
SVN,H53,2.318
SVN,I,34.292
SVN,J58,1.416
SVN,J59_J60,0.218
SVN,J61,2.856
SVN,J62_J63,1.988
SVN,K64,7.613
SVN,K65,2.182
SVN,K66,0.165
SVN,L68,20.812
SVN,M69_M70,27.892
SVN,M71,20.162
SVN,M72,8.554
SVN,M73,0.262
SVN,M74_M75,1.091
SVN,N,21.415
SVN,O84,38.692
SVN,P85,52.692
SVN,Q,65.539
SVN,R_S,28.553
SVN,T,0.0
SVN,U,0.0
SVN,FC_HH,2918.906
SWE,A01,1250.652
SWE,A02,905.371
SWE,A03,135.833
SWE,B,1516.8890000000001
SWE,C10-C12,508.527
SWE,C13-C15,33.383
SWE,C16,159.629
SWE,C17,787.141
SWE,C18,21.062
SWE,C19,2398.737
SWE,C20,1270.5040000000001
SWE,C21,27.990000000000002
SWE,C22,61.739000000000004
SWE,C23,3036.908
SWE,C24,4535.0160000000005
SWE,C25,198.315
SWE,C26,13.48
SWE,C27,28.193
SWE,C28,128.805
SWE,C29,169.627
SWE,C30,16.2
SWE,C31_C32,51.744
SWE,C33,72.096
SWE,D35,6459.2
SWE,E36,23.495
SWE,E37-E39,217.79
SWE,F,1824.5810000000001
SWE,G45,629.37
SWE,G46,540.514
SWE,G47,207.595
SWE,H49,3018.19
SWE,H50,6152.957
SWE,H51,2784.4790000000003
SWE,H52,352.687
SWE,H53,119.7
SWE,I,74.503
SWE,J58,12.582
SWE,J59_J60,17.842
SWE,J61,23.314
SWE,J62_J63,68.422
SWE,K64,59.417
SWE,K65,9.679
SWE,K66,8.253
SWE,L68,208.367
SWE,M69_M70,227.397
SWE,M71,121.18900000000001
SWE,M72,8.453
SWE,M73,23.768
SWE,M74_M75,47.924
SWE,N,436.83500000000004
SWE,O84,334.01800000000003
SWE,P85,110.158
SWE,Q,364.664
SWE,R_S,238.732
SWE,T,0.006
SWE,U,0.009000000000000001
SWE,FC_HH,9122.013
AUS,A01,5450.040902350043
AUS,A02,1266.0081911949649
AUS,A03,32.20159429536527
AUS,B,24764.143063624208
AUS,C10-C12,3555.5990133319983
AUS,C13-C15,420.61134369914464
AUS,C16,258.65932465073894
AUS,C17,935.1480914031882
AUS,C18,247.64254329290094
AUS,C19,5499.203600548701
AUS,C20,7956.911490000708
AUS,C21,52.11334004410432
AUS,C22,80.91609844120934
AUS,C23,10556.350895023155
AUS,C24,28370.90667934693
AUS,C25,297.5820439985548
AUS,C26,105.83041423719828
AUS,C27,73.98731353977917
AUS,C28,187.4217173287079
AUS,C29,125.90537014766669
AUS,C30,76.32361607553705
AUS,C31_C32,233.90762631958737
AUS,C33,0.0
AUS,D35,186308.33988849598
AUS,E36,140.28117512368138
AUS,E37-E39,130.97295217138006
AUS,F,4218.402341614401
AUS,G45,738.7816956887356
AUS,G46,2893.166529490066
AUS,G47,2835.804527882749
AUS,H49,10593.590425910405
AUS,H50,2579.740803460814
AUS,H51,36041.002662450854
AUS,H52,1547.443559790661
AUS,H53,462.03037735265895
AUS,I,2259.456840549289
AUS,J58,20.9792378430485
AUS,J59_J60,15.176467822186313
AUS,J61,428.13836193652236
AUS,J62_J63,509.20263710907784
AUS,K64,534.57544108802
AUS,K65,227.60832971118202
AUS,K66,354.62978213477817
AUS,L68,456.0884542137289
AUS,M69_M70,2199.843167345105
AUS,M71,0.0
AUS,M72,0.0
AUS,M73,0.0
AUS,M74_M75,0.0
AUS,N,1153.2257240384047
AUS,O84,2049.5088689332833
AUS,P85,2637.8687587046825
AUS,Q,5558.323322739452
AUS,R_S,7798.694983346681
AUS,T,0.31090094550919906
AUS,U,0.0
AUS,FC_HH,39624.23887888007
BRA,A01,31075.586229621
BRA,A02,1242.4041321296204
BRA,A03,289.1596757568638
BRA,B,18026.611234217595
BRA,C10-C12,6333.132511825042
BRA,C13-C15,3593.4722989697248
BRA,C16,798.8761754548368
BRA,C17,4590.404668407824
BRA,C18,390.4537697479484
BRA,C19,22048.64607053448
BRA,C20,16051.33594199405
BRA,C21,95.31621529191717
BRA,C22,2219.967856149028
BRA,C23,50950.89327510038
BRA,C24,93248.42871821218
BRA,C25,1551.866276669222
BRA,C26,338.56559649118094
BRA,C27,904.3976297884439
BRA,C28,1020.6206392232269
BRA,C29,1838.1959108995143
BRA,C30,282.32415228876613
BRA,C31_C32,1713.7463132563998
BRA,C33,0.0
BRA,D35,79702.24330086094
BRA,E36,576.3973042295225
BRA,E37-E39,0.0
BRA,F,10246.150696177498
BRA,G45,2878.444401689669
BRA,G46,6427.881577164313
BRA,G47,9524.260336897047
BRA,H49,45480.63548131825
BRA,H50,8466.938070881188
BRA,H51,28988.77678636517
BRA,H52,6573.2899793122
BRA,H53,0.0
BRA,I,4928.677751848627
BRA,J58,6.027479784451375
BRA,J59_J60,10.467082158719723
BRA,J61,638.7328781618604
BRA,J62_J63,742.2560421710931
BRA,K64,1285.225057321579
BRA,K65,0.0
BRA,K66,0.0
BRA,L68,396.9238558808217
BRA,M69_M70,1685.5190288080178
BRA,M71,710.8368466831291
BRA,M72,478.70740829291395
BRA,M73,0.0
BRA,M74_M75,0.0
BRA,N,5224.391559727099
BRA,O84,5496.937245378027
BRA,P85,6285.228861624327
BRA,Q,4013.6701987836054
BRA,R_S,5103.9284170359215
BRA,T,0.0
BRA,U,0.0
BRA,FC_HH,77895.79755648816
CAN,A01,11730.694801835607
CAN,A02,4690.533883198517
CAN,A03,58.09884267422646
CAN,B,101573.69056588772
CAN,C10-C12,3930.7045955244776
CAN,C13-C15,325.31774710273135
CAN,C16,2781.36795254793
CAN,C17,3861.207334287418
CAN,C18,583.078279223665
CAN,C19,20008.463795391923
CAN,C20,15223.076328036806
CAN,C21,105.23221935618929
CAN,C22,2519.808891036006
CAN,C23,12806.684479229385
CAN,C24,24896.1997851983
CAN,C25,475.07425762753826
CAN,C26,518.4117695692687
CAN,C27,432.930037092909
CAN,C28,1270.5880254312083
CAN,C29,887.0890593023859
CAN,C30,237.28331720538293
CAN,C31_C32,918.3028893012183
CAN,C33,0.0
CAN,D35,91499.93991516679
CAN,E36,0.0
CAN,E37-E39,776.242452039133
CAN,F,8831.500200313316
CAN,G45,3150.8690769674567
CAN,G46,5515.669886478398
CAN,G47,6538.318387986026
CAN,H49,40323.96851399689
CAN,H50,15533.41872158165
CAN,H51,32303.3765018237
CAN,H52,2061.494522321053
CAN,H53,927.3419669121369
CAN,I,3362.0506680700946
CAN,J58,25.926779842056707
CAN,J59_J60,334.23039058132696
CAN,J61,778.8827989797679
CAN,J62_J63,679.0276697522681
CAN,K64,3313.5226284182495
CAN,K65,684.012243317196
CAN,K66,0.0
CAN,L68,8729.113986175884
CAN,M69_M70,958.330742742141
CAN,M71,823.3310267161432
CAN,M72,570.1299713504197
CAN,M73,201.83766216545243
CAN,M74_M75,1775.315432283845
CAN,N,3402.6788480251566
CAN,O84,7489.720233181928
CAN,P85,4966.063289729653
CAN,Q,6416.636817932527
CAN,R_S,4699.575531250821
CAN,T,0.0
CAN,U,0.0
CAN,FC_HH,110473.48947452015
CHN,A01,138701.11180064932
CHN,A02,40904.788764199475
CHN,A03,7713.201742863951
CHN,B,229360.35721490573
CHN,C10-C12,115433.11965219352
CHN,C13-C15,59226.413026753056
CHN,C16,19197.089257221218
CHN,C17,43601.30467241659
CHN,C18,2990.3343805102327
CHN,C19,188447.01061293788
CHN,C20,690717.8920759112
CHN,C21,1082.4905665108238
CHN,C22,160840.8265248253
CHN,C23,1825827.953541346
CHN,C24,1354870.6665996532
CHN,C25,22600.92507009437
CHN,C26,11273.871303296048
CHN,C27,24211.81809646611
CHN,C28,37552.20205829395
CHN,C29,17147.138434783334
CHN,C30,9869.224498453646
CHN,C31_C32,54406.606226795506
CHN,C33,0.0
CHN,D35,4141215.3092958615
CHN,E36,3058.429048180073
CHN,E37-E39,52300.93700631216
CHN,F,71633.42301763622
CHN,G45,0.0
CHN,G46,33500.45096790339
CHN,G47,6930.421603853505
CHN,H49,105361.93915478859
CHN,H50,113273.82592584006
CHN,H51,25634.303616994774
CHN,H52,20839.750488210662
CHN,H53,1844.2354199208892
CHN,I,13563.589558211457
CHN,J58,0.0
CHN,J59_J60,0.0
CHN,J61,1413.2592211573528
CHN,J62_J63,923.5086743939502
CHN,K64,7151.259554341879
CHN,K65,632.6244952329815
CHN,K66,0.0
CHN,L68,6163.769290706647
CHN,M69_M70,17953.384179267417
CHN,M71,0.0
CHN,M72,6898.699200857777
CHN,M73,0.0
CHN,M74_M75,12167.747636449405
CHN,N,2384.175324529202
CHN,O84,61514.94651631367
CHN,P85,56637.79991007179
CHN,Q,63468.395562406346
CHN,R_S,63725.53664148937
CHN,T,0.0
CHN,U,0.0
CHN,FC_HH,582384.9187358764
IDN,A01,14340.213177162866
IDN,A02,2063.7553953367383
IDN,A03,2249.7237343680913
IDN,B,60952.54838860817
IDN,C10-C12,5344.394448932083
IDN,C13-C15,6510.299653458886
IDN,C16,1585.077623014683
IDN,C17,5095.940568681597
IDN,C18,108.382496770138
IDN,C19,9737.98504808972
IDN,C20,21549.61953347898
IDN,C21,39.115761359631584
IDN,C22,2223.8872251314997
IDN,C23,43197.49916033448
IDN,C24,11979.789911476322
IDN,C25,3590.7893605175004
IDN,C26,1774.902065446835
IDN,C27,2162.4398826063098
IDN,C28,611.3342214403568
IDN,C29,1474.056154072547
IDN,C30,195.57479959123657
IDN,C31_C32,1709.985088808037
IDN,C33,0.0
IDN,D35,135417.8232414057
IDN,E36,10.291170222272312
IDN,E37-E39,59.409260114400006
IDN,F,15112.330298581994
IDN,G45,1817.321814226592
IDN,G46,5300.56904828806
IDN,G47,3105.6634384758127
IDN,H49,10744.586098980586
IDN,H50,20536.16263688656
IDN,H51,53534.270813742594
IDN,H52,2119.5222392916753
IDN,H53,13.506357159100501
IDN,I,2725.783479378981
IDN,J58,12.980849789788394
IDN,J59_J60,13.987634272962765
IDN,J61,223.36704080469082
IDN,J62_J63,73.26877642762737
IDN,K64,422.03768870004046
IDN,K65,110.25582720162612
IDN,K66,0.0
IDN,L68,316.8130101811437
IDN,M69_M70,209.72807167805232
IDN,M71,0.0
IDN,M72,0.0
IDN,M73,0.0
IDN,M74_M75,0.0
IDN,N,388.61386117000893
IDN,O84,1832.283494846793
IDN,P85,3775.8578805898983
IDN,Q,1363.9777891448305
IDN,R_S,12263.460803051861
IDN,T,0.0
IDN,U,0.0
IDN,FC_HH,72874.34703841609
IND,A01,71778.2046910181
IND,A02,5078.313816356525
IND,A03,2585.7251488490815
IND,B,159344.61005935294
IND,C10-C12,12809.158614090835
IND,C13-C15,13479.869827013834
IND,C16,13883.03520341871
IND,C17,9775.512425806011
IND,C18,548.1965513315054
IND,C19,42242.528208865886
IND,C20,64890.350112843604
IND,C21,101.52837198663846
IND,C22,3630.903119977506
IND,C23,245204.30787550885
IND,C24,210354.95250829827
IND,C25,47455.46002363429
IND,C26,926.3897072749633
IND,C27,2233.361498437385
IND,C28,5983.977320521389
IND,C29,4600.741151158157
IND,C30,2123.2774901039993
IND,C31_C32,3991.3813485266537
IND,C33,0.0
IND,D35,924740.8979363147
IND,E36,3134.3443737310004
IND,E37-E39,2534.8334911704005
IND,F,14483.863599682027
IND,G45,953.5866444866991
IND,G46,7408.76209087383
IND,G47,12097.98919679147
IND,H49,71861.59520096148
IND,H50,11039.611563967359
IND,H51,1233.558345520142
IND,H52,2950.06512736812
IND,H53,0.0
IND,I,40099.026613742804
IND,J58,0.0
IND,J59_J60,0.0
IND,J61,998.8672266868969
IND,J62_J63,1317.815640524409
IND,K64,1403.88879490338
IND,K65,637.2252969925066
IND,K66,0.0
IND,L68,4530.394426577182
IND,M69_M70,395.19949005880375
IND,M71,4313.463461655689
IND,M72,0.0
IND,M73,0.0
IND,M74_M75,0.0
IND,N,34.97075843993748
IND,O84,2373.715226777885
IND,P85,3684.452127884652
IND,Q,1502.6773227540868
IND,R_S,4744.974439277676
IND,T,0.0
IND,U,0.0
IND,FC_HH,153809.76068725335
JPN,A01,3704.657188402751
JPN,A02,253.4429354952922
JPN,A03,2158.3871550745835
JPN,B,29297.92535898124
JPN,C10-C12,10442.405793370568
JPN,C13-C15,3787.443995668991
JPN,C16,522.6167136763343
JPN,C17,10151.190887263265
JPN,C18,1444.0633540995887
JPN,C19,34964.317646115414
JPN,C20,48058.90464528806
JPN,C21,232.51570005887643
JPN,C22,4530.553390551247
JPN,C23,60248.07148202152
JPN,C24,169023.91974383622
JPN,C25,2946.685007493685
JPN,C26,3385.6231411181698
JPN,C27,1577.3164820628103
JPN,C28,2192.316693683727
JPN,C29,2184.390402775605
JPN,C30,781.6541652113659
JPN,C31_C32,3060.5189572081504
JPN,C33,0.0
JPN,D35,471378.3652746573
JPN,E36,232.10324495977576
JPN,E37-E39,6712.252533358923
JPN,F,13386.798506236588
JPN,G45,1304.4200716354694
JPN,G46,13254.158331131974
JPN,G47,14656.445770847358
JPN,H49,30555.136041452035
JPN,H50,78825.40178690891
JPN,H51,10493.49345504461
JPN,H52,1343.3089475784
JPN,H53,723.9263040028864
JPN,I,8579.800674135155
JPN,J58,150.3522201954583
JPN,J59_J60,504.52906761713575
JPN,J61,1497.6685309698887
JPN,J62_J63,2511.667926351056
JPN,K64,2064.034687712638
JPN,K65,1303.2724528275344
JPN,K66,0.0
JPN,L68,2375.9578716305828
JPN,M69_M70,0.0
JPN,M71,0.0
JPN,M72,1483.791955532543
JPN,M73,831.4877905166131
JPN,M74_M75,7667.963061967083
JPN,N,858.8127397214569
JPN,O84,16975.37704974289
JPN,P85,13887.394449145611
JPN,Q,13920.30262605843
JPN,R_S,9936.736711820777
JPN,T,0.0
JPN,U,0.0
JPN,FC_HH,129616.38308808029
KOR,A01,4680.7574470563395
KOR,A02,266.9353874315633
KOR,A03,2360.9721493413713
KOR,B,14372.314298196121
KOR,C10-C12,2675.512897148491
KOR,C13-C15,2162.9552627849284
KOR,C16,279.93198977572746
KOR,C17,1963.221663012001
KOR,C18,530.9911803334868
KOR,C19,24708.113311185316
KOR,C20,26066.56894968781
KOR,C21,139.72834948927328
KOR,C22,787.9708254224236
KOR,C23,41122.5679642261
KOR,C24,102025.51224525213
KOR,C25,1369.375515295886
KOR,C26,2265.536434302806
KOR,C27,855.1960937841288
KOR,C28,1293.7255690610496
KOR,C29,2076.545609199169
KOR,C30,1691.5382291388557
KOR,C31_C32,687.7237408923293
KOR,C33,0.0
KOR,D35,255010.11255424801
KOR,E36,1230.3064972916493
KOR,E37-E39,5504.306651940206
KOR,F,5468.951154049229
KOR,G45,614.7101508768168
KOR,G46,4096.752987908517
KOR,G47,5264.95520317205
KOR,H49,28556.48826904165
KOR,H50,20532.035719792442
KOR,H51,17904.267974897695
KOR,H52,3285.730316098387
KOR,H53,175.943739779785
KOR,I,4684.535092041974
KOR,J58,163.61487632581026
KOR,J59_J60,339.9989348681641
KOR,J61,262.3626627401883
KOR,J62_J63,431.31031468646324
KOR,K64,1149.9473410032408
KOR,K65,508.0293861176938
KOR,K66,449.23337810511003
KOR,L68,2209.226630335935
KOR,M69_M70,1057.4593750123474
KOR,M71,1046.7084393024486
KOR,M72,1255.8792032831714
KOR,M73,88.16487662141347
KOR,M74_M75,1025.3594688255125
KOR,N,2178.0419210445652
KOR,O84,4664.943053095348
KOR,P85,5348.1273470391525
KOR,Q,4390.400381146344
KOR,R_S,4681.266923512414
KOR,T,0.0
KOR,U,0.0
KOR,FC_HH,52042.1696717454
MEX,A01,21243.573412593287
MEX,A02,229.19656664046514
MEX,A03,386.5121141968624
MEX,B,26568.769618114697
MEX,C10-C12,4105.12117979362
MEX,C13-C15,2382.684578219989
MEX,C16,1120.9128646706195
MEX,C17,1873.0791023297293
MEX,C18,376.93271615926005
MEX,C19,28142.351239210293
MEX,C20,17080.15131218634
MEX,C21,118.02222438752285
MEX,C22,2425.6078087362844
MEX,C23,34497.11025811671
MEX,C24,26505.66887548646
MEX,C25,2099.5419517362066
MEX,C26,963.1169585420826
MEX,C27,1099.2282104451012
MEX,C28,1012.1147112328466
MEX,C29,1380.7508607885215
MEX,C30,120.09763043224449
MEX,C31_C32,1902.8935855929417
MEX,C33,268.21475291549876
MEX,D35,136153.77774894002
MEX,E36,322.823163568875
MEX,E37-E39,165.85431802649956
MEX,F,13863.200971595028
MEX,G45,833.241792271311
MEX,G46,6360.383211600253
MEX,G47,5668.9318631993965
MEX,H49,15877.18907700766
MEX,H50,3594.5548297315354
MEX,H51,16212.119548677563
MEX,H52,2504.3880548050984
MEX,H53,286.6843692526028
MEX,I,3277.4850972480212
MEX,J58,16.843890479878887
MEX,J59_J60,12.732903013026718
MEX,J61,403.6417495167376
MEX,J62_J63,29.33440959738113
MEX,K64,817.1084162359957
MEX,K65,63.64956958725066
MEX,K66,80.14561887606955
MEX,L68,0.0
MEX,M69_M70,263.4890128581471
MEX,M71,146.074627810863
MEX,M72,276.96357117619954
MEX,M73,0.0
MEX,M74_M75,19.550322396854337
MEX,N,1917.3297319018384
MEX,O84,5761.490080312199
MEX,P85,4277.75691467637
MEX,Q,2320.5421268889113
MEX,R_S,1589.01373008507
MEX,T,0.0
MEX,U,0.0
MEX,FC_HH,89659.58084830732
RUS,A01,24711.899908549953
RUS,A02,0.0
RUS,A03,2351.117854031791
RUS,B,92042.91445841921
RUS,C10-C12,7161.219745149543
RUS,C13-C15,739.3992302777077
RUS,C16,2069.864056607515
RUS,C17,2214.0048207582154
RUS,C18,0.0
RUS,C19,45182.99874753969
RUS,C20,75129.7196801963
RUS,C21,0.0
RUS,C22,656.7247799163194
RUS,C23,73473.67879229353
RUS,C24,246651.34386746955
RUS,C25,0.0
RUS,C26,1887.4839004400242
RUS,C27,0.0
RUS,C28,4473.023217977265
RUS,C29,2947.1491227066917
RUS,C30,0.0
RUS,C31_C32,318.50470351393597
RUS,C33,0.0
RUS,D35,733031.5603745888
RUS,E36,0.0
RUS,E37-E39,21512.359192896
RUS,F,13826.715819958026
RUS,G45,972.6146675653453
RUS,G46,5100.940322785951
RUS,G47,10787.984739727624
RUS,H49,81134.4289245339
RUS,H50,19299.165107577544
RUS,H51,18971.98074292841
RUS,H52,4870.008940451133
RUS,H53,0.0
RUS,I,1810.1200963149756
RUS,J58,0.0
RUS,J59_J60,0.0
RUS,J61,497.87093240485143
RUS,J62_J63,0.0
RUS,K64,1699.17224003132
RUS,K65,0.0
RUS,K66,0.0
RUS,L68,4976.081916967658
RUS,M69_M70,0.0
RUS,M71,0.0
RUS,M72,0.0
RUS,M73,0.0
RUS,M74_M75,0.0
RUS,N,4424.743679983043
RUS,O84,5868.881891260239
RUS,P85,5466.954187568868
RUS,Q,4633.631813875486
RUS,R_S,4540.095051990738
RUS,T,0.0
RUS,U,0.0
RUS,FC_HH,197649.7711266489
TUR,A01,4250.847
TUR,A02,128.583
TUR,A03,120.462
TUR,B,849.6080000000001
TUR,C10-C12,5245.063
TUR,C13-C15,3418.341
TUR,C16,347.681
TUR,C17,1105.7450000000001
TUR,C18,293.157
TUR,C19,3899.337
TUR,C20,4610.67
TUR,C21,246.21
TUR,C22,742.3580000000001
TUR,C23,66660.293
TUR,C24,14455.197
TUR,C25,1179.545
TUR,C26,242.23600000000002
TUR,C27,546.056
TUR,C28,722.58
TUR,C29,782.44
TUR,C30,246.931
TUR,C31_C32,1703.319
TUR,C33,30.261
TUR,D35,127247.382
TUR,E36,64.70400000000001
TUR,E37-E39,328.823
TUR,F,3954.2400000000002
TUR,G45,811.573
TUR,G46,294.815
TUR,G47,86.453
TUR,H49,17606.892
TUR,H50,1364.878
TUR,H51,4080.1330000000003
TUR,H52,107.688
TUR,H53,0.0
TUR,I,61.119
TUR,J58,29.211000000000002
TUR,J59_J60,45.04
TUR,J61,0.0
TUR,J62_J63,29.211000000000002
TUR,K64,63.935
TUR,K65,52.565
TUR,K66,29.677
TUR,L68,96.014
TUR,M69_M70,61.203
TUR,M71,31.512
TUR,M72,59.982
TUR,M73,31.512
TUR,M74_M75,64.084
TUR,N,1847.259
TUR,O84,99.512
TUR,P85,92.664
TUR,Q,101.357
TUR,R_S,218.185
TUR,T,0.0
TUR,U,0.0
TUR,FC_HH,86771.422
TWN,A01,548.8561445043275
TWN,A02,5.686547227305382
TWN,A03,1202.7978365683005
TWN,B,24168.475556644164
TWN,C10-C12,777.6811102997531
TWN,C13-C15,1363.8339771339984
TWN,C16,46.832088701066006
TWN,C17,1763.9004016070876
TWN,C18,283.20275780553374
TWN,C19,7800.594009608964
TWN,C20,25492.488963758005
TWN,C21,18.729245835173362
TWN,C22,277.8591589787262
TWN,C23,14140.812946037684
TWN,C24,34776.96964847554
TWN,C25,381.8272202191826
TWN,C26,783.0335561213554
TWN,C27,132.11571778762783
TWN,C28,337.03064208773174
TWN,C29,574.4216121097259
TWN,C30,779.5591114783774
TWN,C31_C32,37.18073076744383
TWN,C33,234.32497006161847
TWN,D35,117457.51452044361
TWN,E36,71.08345918260838
TWN,E37-E39,5596.211134598954
TWN,F,839.74933656676
TWN,G45,84.13253940277079
TWN,G46,1964.4876387756085
TWN,G47,1329.0232975248086
TWN,H49,8096.836754898124
TWN,H50,15772.917717611685
TWN,H51,19040.07105847556
TWN,H52,1118.6866280902339
TWN,H53,68.83543563956002
TWN,I,981.7432085010048
TWN,J58,15.102353835850444
TWN,J59_J60,5.071137124872605
TWN,J61,54.530050524951186
TWN,J62_J63,79.34123229543417
TWN,K64,182.34855812053854
TWN,K65,138.44124401601368
TWN,K66,43.53408315561169
TWN,L68,191.56443607791456
TWN,M69_M70,28.070812446682005
TWN,M71,539.2665484850887
TWN,M72,646.0291853432573
TWN,M73,49.49580479883851
TWN,M74_M75,68.97467614900239
TWN,N,434.08034758436855
TWN,O84,908.5656125001022
TWN,P85,1191.7383559228176
TWN,Q,515.8945016813562
TWN,R_S,761.6476019429209
TWN,T,0.0
TWN,U,0.0
TWN,FC_HH,20498.849318173525
USA,A01,53152.6748723725
USA,A02,2756.1666568793235
USA,A03,1098.8180862646088
USA,B,130772.86874669926
USA,C10-C12,59146.04827142285
USA,C13-C15,4522.51356492667
USA,C16,5906.713942022315
USA,C17,32447.421599180816
USA,C18,2948.7624854599435
USA,C19,133685.91090707728
USA,C20,160431.69602322456
USA,C21,1002.5534940984666
USA,C22,30125.14717078163
USA,C23,114850.80355083128
USA,C24,113631.82118138393
USA,C25,9750.522084897997
USA,C26,4899.8488143374825
USA,C27,4072.0406611567078
USA,C28,23151.085662406436
USA,C29,5497.85050845565
USA,C30,10212.601341471067
USA,C31_C32,9170.754512722433
USA,C33,2857.7312838385883
USA,D35,2094482.887020689
USA,E36,18548.31714032237
USA,E37-E39,7867.0717712152455
USA,F,62942.855423773435
USA,G45,12769.885331935082
USA,G46,26891.001810635506
USA,G47,61414.5959093587
USA,H49,246867.87676807493
USA,H50,64157.125472824926
USA,H51,194809.14321173128
USA,H52,21216.802195710352
USA,H53,7108.636450004386
USA,I,61084.67948305215
USA,J58,51.560205050611444
USA,J59_J60,174.36793652143587
USA,J61,3672.5583957213876
USA,J62_J63,14378.68234073909
USA,K64,11504.782310826573
USA,K65,10216.86726884605
USA,K66,4376.992984586818
USA,L68,12912.764509747023
USA,M69_M70,20293.75327316172
USA,M71,12800.581711693965
USA,M72,6896.850913983041
USA,M73,6944.536443236876
USA,M74_M75,2266.6253274137453
USA,N,59694.871123513054
USA,O84,242417.9786187669
USA,P85,21930.563318652963
USA,Q,84405.42783788285
USA,R_S,32279.549928335215
USA,T,0.0
USA,U,0.0
USA,FC_HH,913979.7097658241
CHE,A01,819.457632074219
CHE,A02,82.36626345294772
CHE,A03,2.327141914555756
CHE,B,67.346
CHE,C10-C12,905.102
CHE,C13-C15,71.0
CHE,C16,89.437
CHE,C17,270.913
CHE,C18,45.587
CHE,C19,960.6173943584398
CHE,C20,924.3916056415605
CHE,C21,200.554
CHE,C22,74.58500000000001
CHE,C23,3247.0840000000003
CHE,C24,392.665
CHE,C25,245.135
CHE,C26,161.967
CHE,C27,86.397
CHE,C28,165.67000000000002
CHE,C29,17.012
CHE,C30,31.145
CHE,C31_C32,54.491
CHE,C33,26.173000000000002
CHE,D35,401.184
CHE,E36,75.27546140795316
CHE,E37-E39,2329.7658489246255
CHE,F,1148.586
CHE,G45,244.739
CHE,G46,705.408
CHE,G47,545.807
CHE,H49,3452.317155631577
CHE,H50,2532.7108710905695
CHE,H51,1137.5315509328602
CHE,H52,179.215
CHE,H53,68.401
CHE,I,561.546
CHE,J58,33.73654713393628
CHE,J59_J60,0.0
CHE,J61,28.945
CHE,J62_J63,80.97800000000001
CHE,K64,169.726
CHE,K65,76.039
CHE,K66,0.0
CHE,L68,132.858
CHE,M69_M70,306.7381117937103
CHE,M71,0.0
CHE,M72,47.763
CHE,M73,0.0
CHE,M74_M75,78.42944323450133
CHE,N,250.907
CHE,O84,1288.191
CHE,P85,71.773
CHE,Q,655.944
CHE,R_S,416.966
CHE,T,0.0
CHE,U,0.0
CHE,FC_HH,18104.125
HRV,A01,657.863
HRV,A02,108.656
HRV,A03,15.965
HRV,B,707.72
HRV,C10-C12,297.975
HRV,C13-C15,14.772
HRV,C16,17.036
HRV,C17,35.068
HRV,C18,12.870000000000001
HRV,C19,1537.595
HRV,C20,632.362
HRV,C21,6.867
HRV,C22,19.946
HRV,C23,1578.694
HRV,C24,108.397
HRV,C25,41.683
HRV,C26,37.886
HRV,C27,20.191
HRV,C28,2.942
HRV,C29,4.614
HRV,C30,5.003
HRV,C31_C32,24.887
HRV,C33,21.259
HRV,D35,3704.029
HRV,E36,0.488
HRV,E37-E39,0.6880000000000001
HRV,F,1311.096
HRV,G45,110.641
HRV,G46,246.663
HRV,G47,47.354
HRV,H49,834.6220000000001
HRV,H50,138.643
HRV,H51,32.979
HRV,H52,28.541
HRV,H53,14.416
HRV,I,38.423
HRV,J58,10.48
HRV,J59_J60,33.626
HRV,J61,14.416
HRV,J62_J63,10.48
HRV,K64,32.413000000000004
HRV,K65,9.223
HRV,K66,8.024000000000001
HRV,L68,107.553
HRV,M69_M70,35.951
HRV,M71,18.489
HRV,M72,8.175
HRV,M73,18.489
HRV,M74_M75,41.402
HRV,N,95.31400000000001
HRV,O84,55.962
HRV,P85,61.587
HRV,Q,70.793
HRV,R_S,92.208
HRV,T,27.111
HRV,U,0.0
HRV,FC_HH,4680.1410000000005
NOR,A01,481.882
NOR,A02,56.229
NOR,A03,1143.852
NOR,B,14286.694
NOR,C10-C12,428.157
NOR,C13-C15,6.723
NOR,C16,32.581
NOR,C17,93.07000000000001
NOR,C18,5.736
NOR,C19,1509.071326307019
NOR,C20,2979.153667346269
NOR,C21,2.0860063467115886
NOR,C22,45.286
NOR,C23,1804.915
NOR,C24,3833.743
NOR,C25,22.631
NOR,C26,0.638
NOR,C27,6.538
NOR,C28,30.947
NOR,C29,14.087
NOR,C30,24.533
NOR,C31_C32,9.154
NOR,C33,23.429000000000002
NOR,D35,1701.688
NOR,E36,5.488
NOR,E37-E39,74.126
NOR,F,834.729
NOR,G45,70.0357649904041
NOR,G46,132.98042170622833
NOR,G47,264.12881150336756
NOR,H49,5691.805
NOR,H50,5674.509
NOR,H51,4088.523
NOR,H52,86.324
NOR,H53,10.913253403058807
NOR,I,73.831
NOR,J58,6.596
NOR,J59_J60,2.795
NOR,J61,10.96494875694119
NOR,J62_J63,17.566
NOR,K64,10.758795329647942
NOR,K65,2.6109891600103063
NOR,K66,4.267685960341749
NOR,L68,22.385
NOR,M69_M70,25.050436735070818
NOR,M71,35.15764980992477
NOR,M72,5.223928769921642
NOR,M73,4.6359779795959435
NOR,M74_M75,8.782648104788525
NOR,N,80.31716121156887
NOR,O84,261.106
NOR,P85,32.169000000000004
NOR,Q,99.252
NOR,R_S,58.17960418912943
NOR,T,0.0
NOR,U,0.0
NOR,FC_HH,4878.188
ROW,A01,126012.89320837065
ROW,A02,11213.130083495082
ROW,A03,10360.157207498374
ROW,B,228457.57483682886
ROW,C10-C12,44143.24021145672
ROW,C13-C15,18046.284126104812
ROW,C16,4429.157931735583
ROW,C17,8927.54966111875
ROW,C18,2445.9269595575247
ROW,C19,168033.27231462416
ROW,C20,115099.99542770564
ROW,C21,2981.009171521707
ROW,C22,449098.48153497337
ROW,C23,123141.64828100357
ROW,C24,134830.85957582784
ROW,C25,9188.214518770073
ROW,C26,4953.527081022923
ROW,C27,3699.806246067458
ROW,C28,7496.089625962597
ROW,C29,4961.481593734969
ROW,C30,2468.6559648762336
ROW,C31_C32,156140.33138900518
ROW,C33,1348.5898310593632
ROW,D35,3903998.1943998826
ROW,E36,5283.531945485888
ROW,E37-E39,87786.87688832064
ROW,F,89775.60091788163
ROW,G45,10410.184612815317
ROW,G46,59814.97109998921
ROW,G47,53364.578876279535
ROW,H49,268829.777730896
ROW,H50,198613.05073888993
ROW,H51,187602.882964099
ROW,H52,31580.48824890701
ROW,H53,4000.2510885572747
ROW,I,39364.37071582803
ROW,J58,637.7085522146336
ROW,J59_J60,738.0167951372918
ROW,J61,5266.767880244498
ROW,J62_J63,8025.469610539998
ROW,K64,11000.450752949577
ROW,K65,4834.922751288939
ROW,K66,2409.47910565039
ROW,L68,13143.311943974817
ROW,M69_M70,25295.08009343416
ROW,M71,6609.393623971569
ROW,M72,7189.719399994252
ROW,M73,0.0
ROW,M74_M75,6802.463997886012
ROW,N,29275.360306011462
ROW,O84,145320.2414880124
ROW,P85,35586.94713241076
ROW,Q,55558.480385108545
ROW,R_S,41453.8318629531
ROW,T,0.03945391653067224
ROW,U,0.0
ROW,FC_HH,858072.7556290167
